cgpa,package
8.25,7.08
6.68,6.58
8.67,12.14
9.34,8.82
7.31,5.98
6.44,8.27
5.61,5.12
8.29,10.76
6.45,8.86
8.98,7.82
8.97,12.65
6.96,6.44
9.62,10.9
5.9,4.76
9.14,12.19
8.97,12.87
7.81,13.18
7.13,9.42
9.07,12.21
9.21,12.09
8.53,7.56
6.48,6.8
5.84,5.64
5.93,6.06
8.23,9.43
7.09,6.97
6.65,11.54
8.29,11.21
6.24,9.59
6.2,7.1
9.75,13.18
7.89,11.26
9.12,13.38
6.48,5.0
6.86,7.11
6.41,11.29
9.27,10.33
8.32,9.75
9.43,11.53
6.64,6.69
7.91,8.33
8.01,12.9
7.22,7.2
9.79,12.31
5.89,4.4
5.97,8.56
8.91,10.65
5.77,6.6
9.78,12.44
9.68,14.64
5.55,8.71
8.43,10.87
6.65,9.47
5.98,7.22
7.45,12.62
9.27,9.97
7.65,7.43
9.42,14.4
6.78,9.61
8.12,7.81
8.78,11.31
8.85,11.33
5.5,5.87
5.58,10.2
9.28,13.96
6.82,5.59
9.28,14.76
5.87,7.45
5.8,9.28
8.79,8.45
7.54,9.9
6.64,11.08
7.32,7.27
7.82,11.49
6.36,6.81
9.78,13.29
7.38,9.48
6.02,5.8
6.95,9.46
6.49,6.33
5.81,8.39
6.48,11.11
9.2,8.54
6.52,9.51
6.42,5.63
9.52,12.42
7.53,11.53
8.97,9.1
5.92,7.12
7.32,9.05
8.64,12.08
9.73,9.36
7.23,8.05
9.21,9.79
6.32,7.72
7.31,7.72
6.57,11.35
7.41,11.92
7.87,6.8
9.8,14.61
